,SPTR index,IDCOT20 Index
2014-12-31,3769.44,101.628
2015-01-02,3768.68,102.685
2015-01-05,3700.033,104.362
2015-01-06,3667.138,106.019
2015-01-07,3710.942,106.247
2015-01-08,3777.402,104.785
2015-01-09,3745.668,105.461
2015-01-12,3715.359,106.599
2015-01-13,3706.153,106.818
2015-01-14,3684.723,107.446
2015-01-15,3650.737,108.219
2015-01-16,3699.789,107.8
2015-01-19,,107.8
2015-01-20,3705.645,108.512
2015-01-21,3723.624,107.68
2015-01-22,3780.509,106.966
2015-01-23,3759.759,108.499
2015-01-26,3769.448,108.417
2015-01-27,3718.985,108.398
2015-01-28,3669.103,110.395
2015-01-29,3704.35,109.928
2015-01-30,3656.284,111.323
2015-01-31,,111.323
2015-02-02,3703.769,111.332
2015-02-03,3757.336,108.816
2015-02-04,3742.84,108.582
2015-02-05,3782.113,107.841
2015-02-06,3770.196,106.132
2015-02-09,3754.362,106.057
2015-02-10,3794.62,105.013
2015-02-11,3795.82,105.203
2015-02-12,3833.354,105.045
2015-02-13,3849.286,104.04
2015-02-16,,104.04
2015-02-17,3856.042,102.07
2015-02-18,3854.996,103.062
2015-02-19,3851.526,102.233
2015-02-20,3875.601,102.063
2015-02-23,3874.458,103.697
2015-02-24,3885.275,104.736
2015-02-25,3882.945,105.21
2015-02-26,3877.852,104.461
2015-02-27,3866.417,104.607
2015-02-28,,104.607
2015-03-02,3890.325,103.102
2015-03-03,3872.715,102.548
2015-03-04,3856.506,102.446
2015-03-05,3861.292,102.526
2015-03-06,3807.042,100.304
2015-03-09,3822.42,101.025
2015-03-10,3757.832,102.453
2015-03-11,3751.205,103.13
2015-03-12,3799.433,103.229
2015-03-13,3776.437,103.032
2015-03-16,3827.615,103.315
2015-03-17,3814.912,104.453
2015-03-18,3861.389,105.877
2015-03-19,3842.622,105.947
2015-03-20,3877.255,106.641
2015-03-23,3870.492,106.54
2015-03-24,3847.054,107.375
2015-03-25,3791.125,106.683
2015-03-26,3782.212,104.829
2015-03-27,3791.899,106.281
2015-03-30,3838.653,105.644
2015-03-31,3805.271,105.905
2015-04-01,3790.658,107.281
2015-04-02,3804.145,106.328
2015-04-06,3829.31,105.562
2015-04-07,3821.485,106.29
2015-04-08,3833.2,106.548
2015-04-09,3850.293,105.125
2015-04-10,3870.315,105.318
2015-04-13,3852.934,105.414
2015-04-14,3859.224,106.033
2015-04-15,3879.096,105.909
2015-04-16,3876.17,105.942
2015-04-17,3832.33,106.828
2015-04-20,3867.815,105.678
2015-04-21,3862.152,105.328
2015-04-22,3881.929,104.087
2015-04-23,3891.457,104.418
2015-04-24,3900.241,104.717
2015-04-27,3884.098,104.884
2015-04-28,3895.213,103.819
2015-04-29,3880.9,102.493
2015-04-30,3841.776,102.391
2015-05-01,3883.747,100.948
2015-05-04,3895.161,100.217
2015-05-05,3849.414,99.583
2015-05-06,3833.696,98.18
2015-05-07,3849.127,99.497
2015-05-08,3901.007,99.717
2015-05-11,3881.932,97.48
2015-05-12,3870.689,97.669
2015-05-13,3870.358,96.764
2015-05-14,3912.516,96.987
2015-05-15,3915.994,99.089
2015-05-18,3928.15,97.423
2015-05-19,3926.409,97.052
2015-05-20,3923.179,96.874
2015-05-21,3932.896,98.105
2015-05-22,3924.162,97.785
2015-05-26,3883.875,99.53
2015-05-27,3920.105,99.958
2015-05-28,3915.819,99.772
2015-05-29,3891.178,100.48
2015-05-31,,100.48
2015-06-01,3899.586,98.634
2015-06-02,3895.85,97.434
2015-06-03,3904.833,95.972
2015-06-04,3871.235,97.18
2015-06-05,3865.827,95.909
2015-06-08,3841.449,96.082
2015-06-09,3843.156,95.301
2015-06-10,3889.697,94.441
2015-06-11,3897.587,96.168
2015-06-12,3870.564,96.251
2015-06-15,3852.749,96.413
2015-06-16,3874.734,97.019
2015-06-17,3882.486,96.727
2015-06-18,3921.428,95.573
2015-06-19,3900.636,97.072
2015-06-22,3924.406,95.469
2015-06-23,3927.229,94.673
2015-06-24,3898.475,95.551
2015-06-25,3887.037,95.372
2015-06-26,3886.21,93.941
2015-06-29,3805.505,96.342
2015-06-30,3815.853,96.339
2015-07-01,3843.256,94.838
2015-07-02,3842.056,94.853
2015-07-03,,94.853
2015-07-06,3827.346,96.991
2015-07-07,3850.661,97.985
2015-07-08,3787.67,98.44
2015-07-09,3796.263,96.6
2015-07-10,3843.097,94.692
2015-07-13,3885.974,94.795
2015-07-14,3903.308,95.047
2015-07-15,3900.498,96.008
2015-07-16,3931.855,96.41
2015-07-17,3936.219,97.041
2015-07-20,3939.349,96.664
2015-07-21,3922.705,97.112
2015-07-22,3913.748,97.891
2015-07-23,3891.787,98.918
2015-07-24,3850.15,99.19
2015-07-27,3827.928,99.576
2015-07-28,3875.366,99.242
2015-07-29,3904.206,98.846
2015-07-30,3904.635,99.444
2015-07-31,3895.8,99.881
2015-08-03,3885.069,101.202
2015-08-04,3876.44,100.681
2015-08-05,3889.99,99.729
2015-08-06,3860.918,100.402
2015-08-07,3849.958,101.915
2015-08-10,3899.365,100.522
2015-08-11,3862.814,102.256
2015-08-12,3867.373,102.023
2015-08-13,3863.031,101.325
2015-08-14,3878.163,101.609
2015-08-17,3899.103,102.4
2015-08-18,3889.6,101.272
2015-08-19,3857.744,102.064
2015-08-20,3776.357,103.259
2015-08-21,3656.667,103.347
2015-08-24,3512.646,103.93
2015-08-25,3465.185,101.336
2015-08-26,3600.729,99.951
2015-08-27,3688.597,100.522
2015-08-28,3691.298,100.413
2015-08-31,3660.751,99.944
2015-09-01,3552.655,99.942
2015-09-02,3618.251,99.382
2015-09-03,3622.658,99.7
2015-09-04,3567.413,100.755
2015-09-07,,100.755
2015-09-08,3657.323,99.331
2015-09-09,3606.804,99.83
2015-09-10,3626.144,99.109
2015-09-11,3643.541,99.894
2015-09-14,3628.869,99.952
2015-09-15,3675.481,97.882
2015-09-16,3707.625,97.391
2015-09-17,3698.744,98.383
2015-09-18,3638.985,100.327
2015-09-21,3655.636,98.486
2015-09-22,3610.704,100.332
2015-09-23,3603.485,100.155
2015-09-24,3591.37,100.904
2015-09-25,3589.709,99.918
2015-09-28,3498.614,101.586
2015-09-29,3503.125,101.865
2015-09-30,3570.171,101.425
2015-10-01,3577.471,101.886
2015-10-02,3629.038,102.478
2015-10-05,3695.606,101.185
2015-10-06,3682.333,101.659
2015-10-07,3713.36,101.472
2015-10-08,3746.124,100.407
2015-10-09,3748.958,100.774
2015-10-12,3753.728,100.774
2015-10-13,3728.477,101.377
2015-10-14,3711.108,102.512
2015-10-15,3766.427,101.967
2015-10-16,3783.638,102.16
2015-10-19,3784.724,101.804
2015-10-20,3779.436,101.07
2015-10-21,3757.909,102.051
2015-10-22,3820.491,102.219
2015-10-23,3862.655,101.47
2015-10-26,3855.294,102.072
2015-10-27,3845.448,102.379
2015-10-28,3891.351,102.108
2015-10-29,3890.036,100.297
2015-10-30,3871.33,100.903
2015-10-31,,100.903
2015-11-02,3917.303,100.532
2015-11-03,3928.052,99.744
2015-11-04,3915.521,99.865
2015-11-05,3911.893,99.523
2015-11-06,3910.983,98.144
2015-11-09,3873.372,97.899
2015-11-10,3880.226,98.149
2015-11-11,3867.712,98.149
2015-11-12,3814.293,98.207
2015-11-13,3771.585,98.617
2015-11-16,3828.456,98.416
2015-11-17,3824.14,98.885
2015-11-18,3886.264,99.012
2015-11-19,3882.061,99.682
2015-11-20,3897.453,99.387
2015-11-23,3892.801,99.663
2015-11-24,3897.666,99.704
2015-11-25,3897.574,99.903
2015-11-26,,99.903
2015-11-27,3900.742,99.817
2015-11-30,3882.843,100.026
2015-12-01,3924.628,101.383
2015-12-02,3882.383,101.653
2015-12-03,3826.738,98.594
2015-12-04,3905.314,99.772
2015-12-07,3878.307,100.906
2015-12-08,3853.478,100.511
2015-12-09,3823.904,100.783
2015-12-10,3832.934,100.552
2015-12-11,3759.091,102.351
2015-12-14,3777.22,100.926
2015-12-15,3817.36,100.424
2015-12-16,3873.119,100.195
2015-12-17,3815.46,101.428
2015-12-18,3747.558,101.907
2015-12-21,3777.154,101.623
2015-12-22,3810.846,100.884
2015-12-23,3858.475,100.243
2015-12-24,3852.314,100.883
2015-12-28,3843.935,101.343
2015-12-29,3885.552,99.52
2015-12-30,3857.899,99.489
2015-12-31,3821.603,100.0
2016-01-04,3763.986,100.528
2016-01-05,3771.57,100.125
2016-01-06,3723.439,101.49
2016-01-07,3635.293,101.743
2016-01-08,3595.906,101.864
2016-01-11,3598.974,101.274
2016-01-12,3627.063,102.683
2016-01-13,3536.919,103.39
2016-01-14,3596.029,102.54
2016-01-15,3518.512,103.954
2016-01-18,,103.954
2016-01-19,3520.403,104.148
2016-01-20,3479.751,105.07
2016-01-21,3497.937,104.306
2016-01-22,3568.902,103.886
2016-01-25,3513.109,104.274
2016-01-26,3562.807,104.695
2016-01-27,3524.333,104.542
2016-01-28,3544.133,104.543
2016-01-29,3631.959,105.248
2016-01-31,,105.248
2016-02-01,3630.459,104.831
2016-02-02,3562.518,106.814
2016-02-03,3581.529,106.28
2016-02-04,3587.712,106.449
2016-02-05,3521.598,106.795
2016-02-08,3472.076,109.18
2016-02-09,3470.504,109.267
2016-02-10,3471.039,109.876
2016-02-11,3428.985,110.531
2016-02-12,3496.285,108.906
2016-02-15,,108.906
2016-02-16,3555.199,108.243
2016-02-17,3614.163,107.297
2016-02-18,3597.49,108.402
2016-02-19,3597.916,108.878
2016-02-22,3649.92,108.589
2016-02-23,3604.684,109.048
2016-02-24,3620.874,109.041
2016-02-25,3662.839,109.548
2016-02-26,3656.416,108.225
2016-02-29,3627.059,108.563
2016-03-01,3713.696,106.792
2016-03-02,3729.591,107.086
2016-03-03,3743.022,107.709
2016-03-04,3755.475,106.759
2016-03-07,3759.05,106.854
2016-03-08,3717.494,108.134
2016-03-09,3736.921,107.17
2016-03-10,3737.737,106.851
2016-03-11,3800.073,105.906
2016-03-14,3795.529,106.28
2016-03-15,3788.622,106.455
2016-03-16,3810.09,106.19
2016-03-17,3835.263,107.086
2016-03-18,3852.152,107.409
2016-03-21,3855.97,106.299
2016-03-22,3853.178,106.532
2016-03-23,3828.58,107.886
2016-03-24,3827.135,107.547
2016-03-28,3829.257,108.064
2016-03-29,3863.804,108.834
2016-03-30,3881.014,107.81
2016-03-31,3873.112,108.498
2016-04-01,3897.662,108.557
2016-04-04,3886.003,108.784
2016-04-05,3846.586,110.056
2016-04-06,3888.412,109.347
2016-04-07,3841.981,110.736
2016-04-08,3852.724,109.92
2016-04-11,3842.167,109.822
2016-04-12,3879.416,108.948
2016-04-13,3918.953,109.547
2016-04-14,3920.027,109.143
2016-04-15,3916.168,109.818
2016-04-18,3941.856,109.304
2016-04-19,3954.011,109.136
2016-04-20,3957.247,107.832
2016-04-21,3936.802,107.284
2016-04-22,3937.003,107.06
2016-04-25,3929.878,106.689
2016-04-26,3937.227,106.115
2016-04-27,3944.021,107.237
2016-04-28,3907.882,107.322
2016-04-29,3888.127,107.887
2016-04-30,,107.887
2016-05-02,3918.527,106.932
2016-05-03,3884.628,108.157
2016-05-04,3862.396,108.504
2016-05-05,3862.402,109.295
2016-05-06,3875.184,108.894
2016-05-09,3878.141,109.103
2016-05-10,3926.626,109.19
2016-05-11,3891.13,109.83
2016-05-12,3890.848,109.231
2016-05-13,3858.17,110.326
2016-05-16,3896.355,109.444
2016-05-17,3860.881,109.68
2016-05-18,3862.25,107.706
2016-05-19,3847.974,108.69
2016-05-20,3871.75,108.631
2016-05-23,3863.815,108.743
2016-05-24,3916.767,108.534
2016-05-25,3944.325,108.01
2016-05-26,3944.051,108.836
2016-05-27,3961.666,108.614
2016-05-30,,108.614
2016-05-31,3957.95,108.865
2016-06-01,3963.099,109.012
2016-06-02,3974.76,109.852
2016-06-03,3963.233,111.295
2016-06-06,3982.742,110.764
2016-06-07,3987.963,111.024
2016-06-08,4001.982,111.44
2016-06-09,3995.28,112.141
2016-06-10,3958.68,112.854
2016-06-13,3927.727,113.177
2016-06-14,3920.929,113.362
2016-06-15,3914.023,113.449
2016-06-16,3926.93,114.297
2016-06-17,3914.149,113.3
2016-06-20,3936.912,112.45
2016-06-21,3947.939,111.945
2016-06-22,3941.454,111.949
2016-06-23,3994.18,110.694
2016-06-24,3850.699,113.466
2016-06-27,3781.015,116.587
2016-06-28,3849.045,116.616
2016-06-29,3915.101,116.556
2016-06-30,3968.206,116.09
2016-07-01,3976.678,117.195
2016-07-04,,117.195
2016-07-05,3949.719,119.664
2016-07-06,3972.264,119.29
2016-07-07,3969.193,119.524
2016-07-08,4029.75,120.244
2016-07-11,4043.489,119.285
2016-07-12,4071.853,117.542
2016-07-13,4072.775,118.734
2016-07-14,4094.284,117.133
2016-07-15,4090.488,115.985
2016-07-18,4100.397,115.961
2016-07-19,4094.613,116.562
2016-07-20,4112.609,116.073
2016-07-21,4097.822,116.004
2016-07-22,4116.503,116.289
2016-07-25,4104.129,116.285
2016-07-26,4105.575,116.571
2016-07-27,4100.81,117.738
2016-07-28,4107.749,117.737
2016-07-29,4114.508,118.643
2016-07-31,,118.643
2016-08-01,4109.284,117.63
2016-08-02,4083.249,116.511
2016-08-03,4097.301,116.377
2016-08-04,4099.206,117.221
2016-08-05,4134.557,115.986
2016-08-08,4131.189,116.217
2016-08-09,4132.96,117.147
2016-08-10,4122.651,117.835
2016-08-11,4142.72,116.502
2016-08-12,4139.632,117.598
2016-08-15,4151.69,116.694
2016-08-16,4129.677,116.218
2016-08-17,4138.419,116.748
2016-08-18,4147.636,117.102
2016-08-19,4142.227,116.462
2016-08-22,4139.971,117.592
2016-08-23,4148.165,117.583
2016-08-24,4126.651,117.414
2016-08-25,4121.086,116.965
2016-08-26,4114.676,116.063
2016-08-29,4136.747,117.835
2016-08-30,4129.336,117.42
2016-08-31,4120.285,117.514
2016-09-01,4120.173,117.578
2016-09-02,4137.698,116.655
2016-09-05,,116.655
2016-09-06,4150.112,117.531
2016-09-07,4150.505,117.571
2016-09-08,4141.457,115.629
2016-09-09,4039.954,114.123
2016-09-12,4099.475,114.134
2016-09-13,4039.924,112.586
2016-09-14,4037.828,113.163
2016-09-15,4079.319,112.561
2016-09-16,4063.973,113.014
2016-09-19,4063.936,113.167
2016-09-20,4065.202,113.448
2016-09-21,4109.625,113.954
2016-09-22,4136.413,114.995
2016-09-23,4112.688,115.302
2016-09-26,4077.71,115.584
2016-09-27,4104.179,116.65
2016-09-28,4126.83,116.442
2016-09-29,4088.466,116.806
2016-09-30,4121.064,115.446
2016-10-03,4108.133,115.514
2016-10-04,4088.167,114.026
2016-10-05,4107.397,113.395
2016-10-06,4109.49,112.878
2016-10-07,4096.25,112.693
2016-10-10,4115.12,112.693
2016-10-11,4063.921,112.249
2016-10-12,4068.917,111.945
2016-10-13,4056.454,112.64
2016-10-14,4057.277,110.999
2016-10-17,4045.069,111.699
2016-10-18,4069.989,111.938
2016-10-19,4079.496,111.892
2016-10-20,4074.178,112.211
2016-10-21,4073.851,112.347
2016-10-24,4093.225,111.893
2016-10-25,4077.803,112.212
2016-10-26,4070.757,111.515
2016-10-27,4058.748,110.249
2016-10-28,4046.362,109.944
2016-10-31,4045.891,110.525
2016-11-01,4018.475,110.914
2016-11-02,3992.765,111.082
2016-11-03,3976.562,110.353
2016-11-04,3970.024,110.967
2016-11-07,4058.304,110.337
2016-11-08,4075.607,109.841
2016-11-09,4121.027,105.032
2016-11-10,4129.458,104.172
2016-11-11,4123.691,104.172
2016-11-14,4123.814,102.81
2016-11-15,4155.625,102.919
2016-11-16,4150.212,103.717
2016-11-17,4169.866,102.6
2016-11-18,4160.578,102.085
2016-11-21,4191.683,102.149
2016-11-22,4200.946,102.159
2016-11-23,4204.49,101.925
2016-11-24,,101.925
2016-11-25,4221.024,102.013
2016-11-28,4199.387,102.687
2016-11-29,4205.985,103.203
2016-11-30,4195.73,102.015
2016-12-01,4181.148,100.625
2016-12-02,4182.81,101.308
2016-12-05,4207.565,101.451
2016-12-06,4222.036,100.98
2016-12-07,4278.438,101.869
2016-12-08,4288.104,100.829
2016-12-09,4313.605,99.606
2016-12-12,4308.939,99.556
2016-12-13,4337.861,99.81
2016-12-14,4302.934,99.662
2016-12-15,4319.84,99.748
2016-12-16,4312.397,99.069
2016-12-19,4321.021,100.174
2016-12-20,4337.359,99.599
2016-12-21,4326.847,100.08
2016-12-22,4319.331,99.951
2016-12-23,4325.166,100.27
2016-12-27,4334.927,99.769
2016-12-28,4299.455,100.785
2016-12-29,4298.391,100.856
2016-12-30,4278.664,101.448
2016-12-31,,101.448
2017-01-03,4315.077,101.617
2017-01-04,4340.753,101.728
2017-01-05,4337.455,103.306
2017-01-06,4354.05,102.592
2017-01-09,4338.62,103.294
2017-01-10,4338.64,103.243
2017-01-11,4351.317,103.484
2017-01-12,4342.089,103.428
2017-01-13,4350.111,103.122
2017-01-16,,103.122
2017-01-17,4337.204,104.069
2017-01-18,4345.566,102.995
2017-01-19,4329.959,102.124
2017-01-20,4344.668,101.924
2017-01-23,4333.102,102.991
2017-01-24,4361.556,101.754
2017-01-25,4396.568,100.798
2017-01-26,4393.426,101.089
2017-01-27,4389.853,101.635
2017-01-30,4363.67,101.36
2017-01-31,4359.815,101.845
2017-02-01,4362.105,101.41
2017-02-02,4364.855,101.425
2017-02-03,4396.949,100.887
2017-02-06,4387.671,102.092
2017-02-07,4388.87,102.631
2017-02-08,4393.313,103.703
2017-02-09,4419.404,102.784
2017-02-10,4435.422,102.643
2017-02-13,4459.828,102.239
2017-02-14,4478.982,101.705
2017-02-15,4501.989,101.121
2017-02-16,4498.559,101.871
2017-02-17,4506.203,102.225
2017-02-20,,102.225
2017-02-21,4533.463,102.212
2017-02-22,4528.966,102.228
2017-02-23,4531.388,102.502
2017-02-24,4539.249,103.733
2017-02-27,4544.508,103.185
2017-02-28,4532.925,103.498
2017-03-01,4595.735,101.575
2017-03-02,4569.172,101.377
2017-03-03,4571.601,101.411
2017-03-06,4556.722,101.19
2017-03-07,4543.75,100.996
2017-03-08,4534.683,100.337
2017-03-09,4538.362,99.603
2017-03-10,4553.281,99.772
2017-03-13,4556.442,99.423
2017-03-14,4541.26,99.81
2017-03-15,4579.442,101.042
2017-03-16,4572.158,100.579
2017-03-17,4566.172,101.013
2017-03-20,4557.123,101.448
2017-03-21,4500.98,102.188
2017-03-22,4509.646,102.917
2017-03-23,4504.924,102.652
2017-03-24,4501.114,103.117
2017-03-27,4496.529,103.529
2017-03-28,4529.174,102.954
2017-03-29,4535.011,103.332
2017-03-30,4548.465,102.718
2017-03-31,4538.213,102.886
2017-04-03,4530.975,103.59
2017-04-04,4534.248,103.453
2017-04-05,4520.86,103.257
2017-04-06,4530.926,103.519
2017-04-07,4527.204,103.367
2017-04-10,4530.569,103.61
2017-04-11,4524.71,104.664
2017-04-12,4507.764,104.685
2017-04-13,4477.069,105.547
2017-04-17,4515.648,105.025
2017-04-18,4502.664,106.44
2017-04-19,4495.555,106.037
2017-04-20,4529.646,105.532
2017-04-21,4515.9,105.482
2017-04-24,4564.933,104.957
2017-04-25,4592.744,103.969
2017-04-26,4590.563,104.157
2017-04-27,4593.568,104.263
2017-04-28,4584.82,104.505
2017-04-30,,104.505
2017-05-01,4592.781,103.496
2017-05-02,4598.24,104.073
2017-05-03,4593.316,104.483
2017-05-04,4596.24,103.603
2017-05-05,4615.091,103.785
2017-05-08,4615.734,103.38
2017-05-09,4611.206,102.978
2017-05-10,4618.194,102.925
2017-05-11,4609.686,103.007
2017-05-12,4602.957,103.791
2017-05-15,4625.515,103.62
2017-05-16,4623.26,103.877
2017-05-17,4540.582,105.696
2017-05-18,4557.405,105.603
2017-05-19,4588.35,105.639
2017-05-22,4612.122,105.507
2017-05-23,4620.696,104.977
2017-05-24,4632.374,105.21
2017-05-25,4653.592,105.464
2017-05-26,4655.654,105.562
2017-05-29,,105.562
2017-05-30,4650.76,106.143
2017-05-31,4649.341,106.672
2017-06-01,4685.11,106.446
2017-06-02,4702.556,107.609
2017-06-05,4697.002,107.06
2017-06-06,4683.962,107.66
2017-06-07,4692.288,107.163
2017-06-08,4693.67,106.848
2017-06-09,4689.789,106.828
2017-06-12,4685.537,106.606
2017-06-13,4707.88,106.731
2017-06-14,4703.533,108.292
2017-06-15,4693.864,108.223
2017-06-16,4695.232,108.28
2017-06-19,4734.479,108.207
2017-06-20,4702.82,109.227
2017-06-21,4700.497,109.456
2017-06-22,4698.399,109.433
2017-06-23,4705.732,109.634
2017-06-26,4707.269,110.003
2017-06-27,4669.269,109.019
2017-06-28,4711.328,108.41
2017-06-29,4670.959,107.646
2017-06-30,4678.36,107.185
2017-07-03,4689.608,106.747
2017-07-04,,106.747
2017-07-05,4697.343,106.962
2017-07-06,4655.025,106.045
2017-07-07,4684.885,105.453
2017-07-10,4689.246,105.688
2017-07-11,4685.643,105.722
2017-07-12,4720.283,106.284
2017-07-13,4729.251,105.804
2017-07-14,4751.428,106.043
2017-07-17,4751.33,106.366
2017-07-18,4754.273,107.222
2017-07-19,4780.245,107.338
2017-07-20,4779.839,107.525
2017-07-21,4778.074,108.203
2017-07-24,4773.104,107.662
2017-07-25,4787.044,106.172
2017-07-26,4788.411,106.526
2017-07-27,4784.257,105.902
2017-07-28,4778.015,106.528
2017-07-31,4774.56,106.428
2017-08-01,4786.266,107.424
2017-08-02,4789.544,107.585
2017-08-03,4779.986,108.329
2017-08-04,4789.107,107.543
2017-08-07,4797.131,107.727
2017-08-08,4786.123,107.153
2017-08-09,4784.942,108.097
2017-08-10,4717.401,108.693
2017-08-11,4723.732,108.808
2017-08-14,4771.428,108.523
2017-08-15,4770.153,107.835
2017-08-16,4778.278,108.478
2017-08-17,4704.732,108.967
2017-08-18,4696.22,109.079
2017-08-21,4701.816,109.354
2017-08-22,4748.727,108.856
2017-08-23,4732.756,109.622
2017-08-24,4723.028,109.246
2017-08-25,4731.463,109.626
2017-08-28,4733.971,109.689
2017-08-29,4738.623,109.804
2017-08-30,4761.723,109.803
2017-08-31,4789.176,110.27
2017-09-01,4798.987,109.432
2017-09-04,,109.432
2017-09-05,4762.746,111.088
2017-09-06,4777.688,110.392
2017-09-07,4777.928,111.334
2017-09-08,4771.019,111.249
2017-09-11,4822.799,110.101
2017-09-12,4839.309,109.439
2017-09-13,4843.044,109.053
2017-09-14,4839.286,109.295
2017-09-15,4848.837,109.441
2017-09-18,4856.079,108.833
2017-09-19,4861.521,108.643
2017-09-20,4864.605,108.457
2017-09-21,4849.95,108.727
2017-09-22,4853.199,108.945
2017-09-25,4842.412,109.703
2017-09-26,4843.138,109.513
2017-09-27,4862.927,107.708
2017-09-28,4869.806,107.601
2017-09-29,4887.967,107.792
2017-09-30,,107.792
2017-10-02,4906.918,107.72
2017-10-03,4917.726,107.579
2017-10-04,4924.188,107.509
2017-10-05,4952.846,107.194
2017-10-06,4949.093,106.961
2017-10-09,4940.158,106.961
2017-10-10,4951.769,107.502
2017-10-11,4960.786,107.612
2017-10-12,4952.852,108.056
2017-10-13,4957.268,108.861
2017-10-16,4966.05,108.684
2017-10-17,4969.385,109.062
2017-10-18,4973.278,108.128
2017-10-19,4975.321,108.584
2017-10-20,5001.113,107.295
2017-10-23,4981.366,107.421
2017-10-24,4989.561,106.792
2017-10-25,4966.288,106.182
2017-10-26,4972.601,106.067
2017-10-27,5012.749,106.515
2017-10-30,4997.146,107.605
2017-10-31,5002.03,107.742
2017-11-01,5009.986,108.01
2017-11-02,5011.476,108.658
2017-11-03,5027.489,108.803
2017-11-06,5034.305,109.319
2017-11-07,5033.382,109.856
2017-11-08,5040.743,109.589
2017-11-09,5023.008,109.177
2017-11-10,5020.307,107.694
2017-11-13,5025.356,107.898
2017-11-14,5014.529,108.452
2017-11-15,4987.959,109.567
2017-11-16,5030.476,109.077
2017-11-17,5017.452,109.324
2017-11-20,5024.012,109.33
2017-11-21,5056.952,109.867
2017-11-22,5053.603,110.187
2017-11-23,,110.187
2017-11-24,5064.231,109.924
2017-11-27,5062.846,109.88
2017-11-28,5112.914,109.87
2017-11-29,5111.684,108.881
2017-11-30,5155.441,108.593
2017-12-01,5145.207,110.078
2017-12-04,5139.911,109.931
2017-12-05,5120.921,110.667
2017-12-06,5120.463,110.942
2017-12-07,5136.371,109.788
2017-12-08,5165.192,109.803
2017-12-11,5181.754,109.912
2017-12-12,5189.96,109.705
2017-12-13,5187.682,110.627
2017-12-14,5167.448,111.129
2017-12-15,5214.103,111.488
2017-12-18,5242.285,110.385
2017-12-19,5225.431,108.845
2017-12-20,5221.79,107.822
2017-12-21,5232.162,108.644
2017-12-22,5229.791,108.515
2017-12-26,5224.508,109.144
2017-12-27,5229.013,110.435
2017-12-28,5239.588,110.249
2017-12-29,5212.763,110.572
2017-12-31,,110.572
2018-01-02,5256.284,109.269
2018-01-03,5289.924,109.784
2018-01-04,5312.333,109.776
2018-01-05,5349.689,109.306
2018-01-08,5358.679,109.263
2018-01-09,5367.261,107.864
2018-01-10,5361.329,107.768
2018-01-11,5399.462,108.311
2018-01-12,5435.918,108.523
2018-01-15,,108.523
2018-01-16,5416.855,108.894
2018-01-17,5467.846,108.619
2018-01-18,5459.497,107.854
2018-01-19,5483.572,107.396
2018-01-22,5527.89,107.147
2018-01-23,5540.127,107.613
2018-01-24,5537.032,106.935
2018-01-25,5540.382,108.02
2018-01-26,5606.085,107.44
2018-01-29,5568.672,106.892
2018-01-30,5508.357,106.216
2018-01-31,5511.214,106.9
2018-02-01,5508.7,105.75
2018-02-02,5392.214,104.04
2018-02-05,5171.262,104.625
2018-02-06,5262.017,105.055
2018-02-07,5235.84,103.701
2018-02-08,5040.055,103.376
2018-02-09,5116.991,103.322
2018-02-12,5188.37,103.405
2018-02-13,5202.217,103.541
2018-02-14,5273.426,102.593
2018-02-15,5338.351,103.23
2018-02-16,5340.82,103.363
2018-02-19,,103.363
2018-02-20,5309.994,103.046
2018-02-21,5280.912,101.859
2018-02-22,5286.497,102.2
2018-02-23,5371.565,103.053
2018-02-26,5435.376,103.142
2018-02-27,5367.087,102.741
2018-02-28,5308.087,103.601
2018-03-01,5238.183,104.377
2018-03-02,5265.24,103.578
2018-03-05,5323.36,103.227
2018-03-06,5337.686,103.51
2018-03-07,5335.471,103.248
2018-03-08,5360.733,103.608
2018-03-09,5454.025,103.172
2018-03-12,5447.097,103.706
2018-03-13,5412.753,104.244
2018-03-14,5383.266,105.06
2018-03-15,5379.393,105.013
2018-03-16,5388.735,104.663
2018-03-19,5312.234,104.701
2018-03-20,5320.198,104.108
2018-03-21,5310.958,103.76
2018-03-22,5177.524,104.979
2018-03-23,5069.027,104.858
2018-03-26,5206.69,104.936
2018-03-27,5116.75,105.718
2018-03-28,5102.686,106.032
2018-03-29,5173.191,106.856
2018-03-31,,106.856
2018-04-02,5057.689,106.906
2018-04-03,5121.697,106.906
2018-04-04,5181.307,105.828
2018-04-05,5217.619,105.016
2018-04-06,5103.351,106.055
2018-04-09,5121.897,106.11
2018-04-10,5207.73,106.151
2018-04-11,5179.187,106.362
2018-04-12,5222.545,105.696
2018-04-13,5207.572,105.772
2018-04-16,5249.939,105.91
2018-04-17,5305.902,106.508
2018-04-18,5310.321,105.619
2018-04-19,5280.566,104.493
2018-04-20,5235.746,103.856
2018-04-23,5236.038,103.831
2018-04-24,5166.102,103.377
2018-04-25,5175.59,102.627
2018-04-26,5229.609,103.255
2018-04-27,5235.732,104.158
2018-04-30,5193.041,104.747
2018-05-01,5206.305,104.029
2018-05-02,5168.786,104.078
2018-05-03,5157.698,104.362
2018-05-04,5224.706,104.486
2018-05-07,5242.871,104.439
2018-05-08,5241.533,104.308
2018-05-09,5292.897,103.772
2018-05-10,5343.704,104.396
2018-05-11,5354.688,104.508
2018-05-14,5359.662,104.231
2018-05-15,5323.234,102.723
2018-05-16,5346.328,102.65
2018-05-17,5343.291,102.132
2018-05-18,5329.664,102.793
2018-05-21,5369.193,102.87
2018-05-22,5352.451,102.83
2018-05-23,5369.989,103.586
2018-05-24,5359.325,104.272
2018-05-25,5347.312,104.988
2018-05-28,,104.988
2018-05-29,5285.701,107.368
2018-05-30,5353.764,106.475
2018-05-31,5318.099,107.046
2018-06-01,5376.292,105.906
2018-06-04,5400.5,105.229
2018-06-05,5404.622,105.409
2018-06-06,5451.088,104.39
2018-06-07,5448.177,105.306
2018-06-08,5465.42,105.264
2018-06-11,5471.294,104.989
2018-06-12,5481.069,105.074
2018-06-13,5459.207,104.89
2018-06-14,5474.371,105.558
2018-06-15,5469.369,105.95
2018-06-18,5457.828,105.821
2018-06-19,5436.128,106.335
2018-06-20,5445.427,105.692
2018-06-21,5411.4,106.089
2018-06-22,5421.626,106.057
2018-06-25,5347.23,106.455
2018-06-26,5359.007,106.407
2018-06-27,5312.892,107.493
2018-06-28,5346.437,107.291
2018-06-29,5350.832,107.292
2018-06-30,,107.292
2018-07-02,5367.49,107.112
2018-07-03,5340.934,107.607
2018-07-04,,107.607
2018-07-05,5388.276,107.836
2018-07-06,5434.358,108.114
2018-07-09,5483.889,107.644
2018-07-10,5503.046,107.535
2018-07-11,5464.006,108.047
2018-07-12,5512.358,107.97
2018-07-13,5518.328,108.318
2018-07-16,5512.921,107.683
2018-07-17,5534.907,107.618
2018-07-18,5546.861,107.283
2018-07-19,5525.513,107.728
2018-07-20,5520.498,106.535
2018-07-23,5530.655,105.181
2018-07-24,5557.374,105.664
2018-07-25,5607.993,105.904
2018-07-26,5590.994,105.244
2018-07-27,5554.313,105.475
2018-07-30,5522.809,105.191
2018-07-31,5549.956,105.6
2018-08-01,5544.194,104.782
2018-08-02,5572.083,104.916
2018-08-03,5598.712,105.425
2018-08-06,5619.052,105.676
2018-08-07,5634.976,105.019
2018-08-08,5633.666,105.015
2018-08-09,5627.003,105.718
2018-08-10,5588.659,106.966
2018-08-13,5566.361,106.497
2018-08-14,5602.414,106.21
2018-08-15,5560.853,106.962
2018-08-16,5606.561,106.781
2018-08-17,5625.656,106.845
2018-08-20,5639.528,107.742
2018-08-21,5651.393,107.405
2018-08-22,5649.307,107.711
2018-08-23,5640.097,107.951
2018-08-24,5675.121,107.912
2018-08-27,5719.302,107.541
2018-08-28,5720.888,106.833
2018-08-29,5753.998,107.052
2018-08-30,5729.448,107.347
2018-08-31,5730.803,107.305
2018-09-03,,107.305
2018-09-04,5721.856,106.188
2018-09-05,5705.859,106.152
2018-09-06,5686.701,106.543
2018-09-07,5674.58,105.597
2018-09-10,5685.339,105.9
2018-09-11,5706.988,105.221
2018-09-12,5709.08,105.562
2018-09-13,5740.752,105.666
2018-09-14,5743.188,105.087
2018-09-17,5711.295,105.01
2018-09-18,5742.182,103.981
2018-09-19,5749.387,103.231
2018-09-20,5794.722,103.644
2018-09-21,5792.717,103.808
2018-09-24,5772.362,103.743
2018-09-25,5765.247,103.341
2018-09-26,5746.266,104.053
2018-09-27,5763.22,104.219
2018-09-28,5763.422,104.03
2018-09-30,,104.03
2018-10-01,5784.452,103.425
2018-10-02,5782.366,103.88
2018-10-03,5786.479,101.898
2018-10-04,5740.56,101.267
2018-10-05,5708.903,100.54
2018-10-08,5706.66,100.54
2018-10-09,5700.232,101.043
2018-10-10,5512.939,100.51
2018-10-11,5399.54,102.16
2018-10-12,5476.827,102.057
2018-10-15,5444.613,101.64
2018-10-16,5561.8,101.843
2018-10-17,5560.621,101.57
2018-10-18,5481.129,101.387
2018-10-19,5479.295,100.927
2018-10-22,5455.881,100.991
2018-10-23,5426.083,101.31
2018-10-24,5258.611,101.664
2018-10-25,5356.543,101.637
2018-10-26,5263.736,102.21
2018-10-29,5229.277,102.015
2018-10-30,5311.675,101.54
2018-10-31,5369.491,100.713
2018-11-01,5426.327,100.997
2018-11-02,5392.532,99.83
2018-11-05,5422.879,100.238
2018-11-06,5457.254,100.32
2018-11-07,5573.059,100.375
2018-11-08,5562.0,100.317
2018-11-09,5511.785,100.936
2018-11-12,5403.188,100.936
2018-11-13,5395.371,101.452
2018-11-14,5355.938,101.643
2018-11-15,5414.428,101.48
2018-11-16,5426.864,102.196
2018-11-19,5336.705,102.393
2018-11-20,5240.232,102.615
2018-11-21,5256.613,102.505
2018-11-22,,102.505
2018-11-23,5222.426,102.573
2018-11-26,5304.169,102.396
2018-11-27,5321.522,102.413
2018-11-28,5444.118,102.266
2018-11-29,5433.486,102.329
2018-11-30,5478.913,102.329
2018-12-03,5538.857,103.26
2018-12-04,5359.909,105.118
2018-12-05,,105.118
2018-12-06,5353.434,105.887
2018-12-07,5229.439,105.775
2018-12-10,5238.703,106.053
2018-12-11,5237.101,106.059
2018-12-12,5265.531,105.709
2018-12-13,5265.458,105.474
2018-12-14,5165.602,105.844
2018-12-17,5058.577,106.411
2018-12-18,5059.344,107.077
2018-12-19,4981.92,108.313
2018-12-20,4903.463,108.382
2018-12-21,4802.509,108.03
2018-12-24,4672.66,108.566
2018-12-26,4904.492,107.767
2018-12-27,4946.94,108.254
2018-12-28,4941.608,107.937
2018-12-31,4984.217,108.383
2019-01-02,4990.556,109.147
2019-01-03,4868.296,110.791
2019-01-04,5035.452,109.277
2019-01-07,5070.764,109.228
2019-01-08,5120.039,108.928
2019-01-09,5142.656,108.335
2019-01-10,5165.895,107.865
2019-01-11,5165.146,108.203
2019-01-14,5138.578,107.738
2019-01-15,5193.784,107.583
2019-01-16,5205.448,107.477
2019-01-17,5245.479,107.482
2019-01-18,5314.784,107.071
2019-01-21,,107.071
2019-01-22,5239.752,107.935
2019-01-23,5251.288,107.681
2019-01-24,5258.686,108.386
2019-01-25,5303.506,107.844
2019-01-28,5261.881,107.906
2019-01-29,5254.31,108.287
2019-01-30,5336.6,108.111
2019-01-31,5383.632,109.053
2019-02-01,5389.194,108.5
2019-02-04,5425.797,107.99
2019-02-05,5451.4,108.48
2019-02-06,5439.802,108.439
2019-02-07,5389.687,109.304
2019-02-08,5395.116,109.772
2019-02-11,5399.004,109.369
2019-02-12,5468.982,108.922
2019-02-13,5485.966,108.716
2019-02-14,5473.327,109.21
2019-02-15,5533.274,109.403
2019-02-18,,109.403
2019-02-19,5541.975,109.574
2019-02-20,5552.904,109.38
2019-02-21,5533.797,108.483
2019-02-22,5569.452,109.027
2019-02-25,5577.085,108.774
2019-02-26,5572.745,109.314
2019-02-27,5570.569,108.132
2019-02-28,5556.49,107.71
2019-03-01,5595.113,106.979
2019-03-04,5573.533,107.635
2019-03-05,5567.403,107.714
2019-03-06,5531.339,108.118
2019-03-07,5487.556,109.023
2019-03-08,5476.386,109.363
2019-03-11,5556.765,108.955
2019-03-12,5573.436,109.798
2019-03-13,5612.557,109.522
2019-03-14,5609.585,108.851
2019-03-15,5637.768,109.383
2019-03-18,5658.727,109.546
2019-03-19,5658.15,109.218
2019-03-20,5641.744,110.26
2019-03-21,5703.278,110.527
2019-03-22,5595.5,112.06
2019-03-25,5591.228,112.545
2019-03-26,5631.393,112.554
2019-03-27,5605.317,113.529
2019-03-28,5626.317,113.737
2019-03-29,5664.463,113.501
2019-03-31,,113.501
2019-04-01,5730.041,112.109
2019-04-02,5730.354,112.195
2019-04-03,5742.671,111.347
2019-04-04,5755.956,111.524
2019-04-05,5782.695,111.759
2019-04-08,5788.859,111.474
2019-04-09,5755.491,111.79
2019-04-10,5775.989,111.931
2019-04-11,5776.281,111.316
2019-04-12,5815.04,110.623
2019-04-15,5811.512,110.81
2019-04-16,5814.461,110.219
2019-04-17,5801.826,110.25
2019-04-18,5811.127,110.858
2019-04-22,5817.164,110.24
2019-04-23,5868.876,110.513
2019-04-24,5856.033,111.295
2019-04-25,5853.875,111.152
2019-04-26,5881.476,111.608
2019-04-29,5888.049,110.882
2019-04-30,5893.815,111.384
2019-05-01,5849.653,111.784
2019-05-02,5837.46,111.256
2019-05-03,5894.303,111.611
2019-05-06,5868.448,112.028
2019-05-07,5771.586,112.957
2019-05-08,5762.481,112.418
2019-05-09,5747.078,112.733
2019-05-10,5770.435,112.825
2019-05-13,5631.409,113.567
2019-05-14,5677.196,113.279
2019-05-15,5711.487,113.864
2019-05-16,5763.948,113.514
2019-05-17,5730.887,113.835
2019-05-20,5692.304,113.613
2019-05-21,5740.807,113.474
2019-05-22,5724.707,113.949
2019-05-23,5657.097,115.722
2019-05-24,5665.598,115.196
2019-05-27,,115.196
2019-05-28,5618.179,116.304
2019-05-29,5579.506,117.02
2019-05-30,5591.974,117.447
2019-05-31,5519.274,118.92
2019-06-03,5504.052,119.73
2019-06-04,5622.31,118.634
2019-06-05,5668.89,117.956
2019-06-06,5705.22,118.209
2019-06-07,5765.661,119.282
2019-06-10,5792.557,118.218
2019-06-11,5790.826,118.346
2019-06-12,5779.124,118.182
2019-06-13,5804.533,118.73
2019-06-14,5795.964,118.913
2019-06-17,5801.4,119.24
2019-06-18,5857.949,119.783
2019-06-19,5875.447,120.073
2019-06-20,5931.66,120.355
2019-06-21,5924.542,119.0
2019-06-24,5914.289,119.905
2019-06-25,5858.134,120.427
2019-06-26,5850.896,119.581
2019-06-27,5874.153,120.486
2019-06-28,5908.251,120.453
2019-06-30,,120.453
2019-07-01,5953.627,119.793
2019-07-02,5971.288,120.933
2019-07-03,6018.542,121.728
2019-07-04,,121.728
2019-07-05,6008.308,120.028
2019-07-08,5979.339,120.632
2019-07-09,5988.481,120.355
2019-07-10,6015.56,119.586
2019-07-11,6029.326,118.189
2019-07-12,6057.771,118.335
2019-07-15,6058.827,118.817
2019-07-16,6038.396,118.398
2019-07-17,5999.048,119.657
2019-07-18,6021.151,119.746
2019-07-19,5984.202,119.542
2019-07-22,6001.276,119.748
2019-07-23,6042.479,118.985
2019-07-24,6071.046,119.596
2019-07-25,6039.131,119.06
2019-07-26,6083.823,119.155
2019-07-29,6074.014,119.56
2019-07-30,6058.956,119.485
2019-07-31,5993.166,120.665
2019-08-01,5939.833,122.704
2019-08-02,5897.104,123.808
2019-08-05,5721.797,126.055
2019-08-06,5796.718,126.679
2019-08-07,5801.324,128.36
2019-08-08,5911.658,127.489
2019-08-09,5873.466,127.433
2019-08-12,5804.252,130.152
2019-08-13,5890.159,129.897
2019-08-14,5719.305,132.503
2019-08-15,5734.488,133.523
2019-08-16,5818.168,133.057
2019-08-19,5888.934,131.065
2019-08-20,5842.763,132.045
2019-08-21,5891.19,131.845
2019-08-22,5888.368,130.7
2019-08-23,5735.628,132.597
2019-08-26,5799.337,132.261
2019-08-27,5780.786,134.014
2019-08-28,5818.84,134.606
2019-08-29,5893.65,133.584
2019-08-30,5898.232,133.811
2019-08-31,,133.811
2019-09-02,,133.811
2019-09-03,5857.951,134.443
2019-09-04,5921.955,134.339
2019-09-05,6000.38,131.917
2019-09-06,6006.07,132.767
2019-09-09,6005.993,130.938
2019-09-10,6008.121,128.946
2019-09-11,6051.865,128.333
2019-09-12,6070.228,127.002
2019-09-13,6067.505,124.478
2019-09-16,6048.669,126.006
2019-09-17,6064.306,126.595
2019-09-18,6066.419,127.549
2019-09-19,6066.902,128.11
2019-09-20,6037.495,128.432
2019-09-23,6036.904,129.459
2019-09-24,5986.582,130.903
2019-09-25,6023.455,128.735
2019-09-26,6009.189,130.064
2019-09-27,5978.108,130.194
2019-09-30,6008.59,130.263
2019-10-01,5935.198,130.666
2019-10-02,5828.934,131.191
2019-10-03,5876.864,132.394
2019-10-04,5960.432,133.009
2019-10-07,5933.763,132.314
2019-10-08,5841.569,132.353
2019-10-09,5896.605,131.34
2019-10-10,5934.564,129.767
2019-10-11,6000.042,128.156
2019-10-14,5991.721,128.156
2019-10-15,6051.388,127.684
2019-10-16,6039.691,127.713
2019-10-17,6056.842,127.501
2019-10-18,6033.26,127.42
2019-10-21,6074.904,126.566
2019-10-22,6053.415,127.313
2019-10-23,6070.868,127.36
2019-10-24,6082.539,127.163
2019-10-25,6107.418,126.395
2019-10-28,6141.507,125.15
2019-10-29,6136.471,125.551
2019-10-30,6156.934,126.809
2019-10-31,6138.735,129.067
2019-11-01,6198.591,128.262
2019-11-04,6221.626,126.882
2019-11-05,6214.279,125.195
2019-11-06,6219.096,126.35
2019-11-07,6238.989,123.902
2019-11-08,6256.109,123.494
2019-11-11,6243.812,123.494
2019-11-12,6253.913,124.229
2019-11-13,6258.585,125.055
2019-11-14,6265.423,126.279
2019-11-15,6314.744,125.933
2019-11-18,6318.018,126.348
2019-11-19,6314.663,127.243
2019-11-20,6292.17,128.416
2019-11-21,6282.594,127.724
2019-11-22,6296.337,127.949
2019-11-25,6344.363,128.362
2019-11-26,6358.456,129.045
2019-11-27,6385.765,128.664
2019-11-28,,128.664
2019-11-29,6361.564,128.444
2019-11-30,,128.444
2019-12-02,6306.877,126.522
2019-12-03,6265.215,129.469
2019-12-04,6305.492,127.852
2019-12-05,6316.692,127.5
2019-12-06,6374.705,126.649
2019-12-09,6355.07,127.13
2019-12-10,6348.312,127.39
2019-12-11,6366.838,128.209
2019-12-12,6422.345,125.786
2019-12-13,6423.928,127.462
2019-12-16,6470.028,126.106
2019-12-17,6472.242,125.935
2019-12-18,6469.997,125.138
2019-12-19,6499.262,125.334
2019-12-20,6531.749,125.29
2019-12-23,6537.397,124.985
2019-12-24,6536.584,125.503
2019-12-26,6570.706,125.565
2019-12-27,6571.034,126.157
2019-12-30,6533.907,125.446
2019-12-31,6553.569,124.741
2020-01-02,6609.288,125.627
2020-01-03,6563.32,127.669
2020-01-06,6586.539,126.989
2020-01-07,6568.737,126.42
2020-01-08,6601.153,125.217
2020-01-09,6646.843,125.847
2020-01-10,6627.874,126.915
2020-01-13,6674.135,126.482
2020-01-14,6664.663,127.229
2020-01-15,6677.251,127.996
2020-01-16,6733.352,127.591
2020-01-17,6759.51,126.476
2020-01-20,,126.476
2020-01-21,6741.707,128.034
2020-01-22,6743.898,128.43
2020-01-23,6752.087,129.379
2020-01-24,6691.219,130.63
2020-01-27,6585.951,132.393
2020-01-28,6652.304,131.434
2020-01-29,6646.687,132.515
2020-01-30,6668.524,133.152
2020-01-31,6550.999,133.558
2020-02-03,6598.626,133.905
2020-02-04,6697.486,131.835
2020-02-05,6772.984,130.692
2020-02-06,6796.64,131.158
2020-02-07,6761.262,132.9
2020-02-10,6811.833,133.424
2020-02-11,6823.595,132.695
2020-02-12,6867.923,131.735
2020-02-13,6858.916,132.153
2020-02-14,6872.681,132.937
2020-02-17,,132.937
2020-02-18,6853.04,133.857
2020-02-19,6886.474,133.622
2020-02-20,6860.525,134.706
2020-02-21,6788.599,136.072
2020-02-24,6561.935,138.186
2020-02-25,6363.375,139.078
2020-02-26,6339.38,139.297
2020-02-27,6060.668,139.63
2020-02-28,6011.726,142.746
2020-02-29,,142.746
2020-03-02,6288.644,143.244
2020-03-03,6112.074,143.694
2020-03-04,6370.355,143.544
2020-03-05,6155.58,145.38
2020-03-06,6050.798,154.954
2020-03-09,5591.739,162.785
2020-03-10,5868.106,152.981
2020-03-11,5581.759,151.94
2020-03-12,5051.972,149.5
2020-03-13,5522.845,145.612
2020-03-16,4861.219,152.705
2020-03-17,5152.825,145.505
2020-03-18,4885.763,135.547
2020-03-19,4909.132,140.253
2020-03-20,4697.089,145.168
2020-03-23,4559.505,151.925
2020-03-24,4987.8,151.403
2020-03-25,5045.35,150.537
2020-03-26,5360.488,151.348
2020-03-27,5179.924,152.886
2020-03-30,5354.395,154.395
2020-03-31,5269.201,152.789
2020-04-01,5036.642,154.356
2020-04-02,5152.467,155.077
2020-04-03,5075.16,156.598
2020-04-06,5432.17,154.587
2020-04-07,5423.525,153.218
2020-04-08,5609.551,152.265
2020-04-09,5691.541,152.832
2020-04-13,5634.148,151.751
2020-04-14,5807.098,151.15
2020-04-15,5679.53,155.123
2020-04-16,5712.599,156.831
2020-04-17,5865.898,154.645
2020-04-20,5761.002,155.666
2020-04-21,5584.437,157.907
2020-04-22,5712.652,156.126
2020-04-23,5710.039,156.719
2020-04-24,5789.646,157.14
2020-04-27,5874.935,154.91
2020-04-28,5844.183,156.196
2020-04-29,5999.737,155.396
2020-04-30,5944.68,154.58
2020-05-01,5778.526,154.54
2020-05-04,5803.122,154.089
2020-05-05,5855.579,153.195
2020-05-06,5815.172,150.622
2020-05-07,5884.14,153.378
2020-05-08,5984.547,151.471
2020-05-11,5985.658,149.933
2020-05-12,5863.684,151.703
2020-05-13,5761.696,152.993
2020-05-14,5829.334,154.73
2020-05-15,5852.841,153.997
2020-05-18,6037.902,150.196
2020-05-19,5975.15,150.723
2020-05-20,6075.763,151.778
2020-05-21,6028.934,151.933
2020-05-22,6044.164,152.668
2020-05-25,,152.668
2020-05-26,6118.536,150.745
2020-05-27,6209.384,150.92
2020-05-28,6197.016,149.679
2020-05-29,6227.813,151.434
2020-05-31,,151.434
2020-06-01,6251.476,150.197
2020-06-02,6303.0,149.57
2020-06-03,6389.67,147.56
2020-06-04,6369.535,145.523
2020-06-05,6536.579,143.93
2020-06-08,6615.404,144.609
2020-06-09,6564.27,146.677
2020-06-10,6529.42,148.426
2020-06-11,6145.302,151.817
2020-06-12,6227.419,150.48
2020-06-15,6279.399,150.459
2020-06-16,6398.576,148.025
2020-06-17,6375.537,148.417
2020-06-18,6379.555,150.196
2020-06-19,6344.702,149.938
2020-06-22,6385.912,150.159
2020-06-23,6413.445,149.474
2020-06-24,6247.662,150.762
2020-06-25,6316.45,151.553
2020-06-26,6163.504,152.816
2020-06-29,6254.781,152.388
2020-06-30,6351.667,151.721
2020-07-01,6383.763,151.146
2020-07-02,6414.155,151.205
2020-07-03,,151.205
2020-07-06,6516.052,150.892
2020-07-07,6445.588,152.471
2020-07-08,6496.139,152.464
2020-07-09,6461.312,154.834
2020-07-10,6528.961,154.243
2020-07-13,6467.836,153.989
2020-07-14,6555.403,155.073
2020-07-15,6615.069,154.203
2020-07-16,6592.747,155.083
2020-07-17,6611.864,154.348
2020-07-20,6667.452,154.712
2020-07-21,6678.744,154.894
2020-07-22,6717.286,155.593
2020-07-23,6635.044,156.761
2020-07-24,6594.102,157.048
2020-07-27,6642.895,156.7
2020-07-28,6599.969,157.582
2020-07-29,6682.012,157.011
2020-07-30,6658.016,158.455
2020-07-31,6709.806,158.414
2020-08-03,6758.199,157.057
2020-08-04,6782.603,158.763
2020-08-05,6826.221,157.964
2020-08-06,6870.862,158.518
2020-08-07,6876.646,157.629
2020-08-10,6895.595,157.044
2020-08-11,6840.674,154.025
2020-08-12,6937.442,153.512
2020-08-13,6924.96,151.765
2020-08-14,6924.282,151.493
2020-08-17,6943.223,152.017
2020-08-18,6960.301,152.698
2020-08-19,6930.805,152.22
2020-08-20,6952.925,153.399
2020-08-21,6977.271,154.04
2020-08-24,7048.174,154.148
2020-08-25,7073.597,152.953
2020-08-26,7145.769,152.329
2020-08-27,7158.182,149.733
2020-08-28,7207.098,149.594
2020-08-31,7192.111,151.176
2020-09-01,7246.375,152.214
2020-09-02,7358.485,153.652
2020-09-03,7101.382,154.706
2020-09-04,7043.624,150.855
2020-09-07,,150.855
2020-09-08,6848.421,152.328
2020-09-09,6986.757,151.357
2020-09-10,6864.233,152.115
2020-09-11,6868.219,152.641
2020-09-14,6957.912,152.922
2020-09-15,6994.333,152.416
2020-09-16,6962.287,151.888
2020-09-17,6903.824,152.453
2020-09-18,6826.719,151.744
2020-09-21,6748.075,152.482
2020-09-22,6819.082,152.79
2020-09-23,6657.816,152.534
2020-09-24,6678.038,153.278
2020-09-25,6784.954,153.146
2020-09-28,6894.269,152.676
2020-09-29,6861.959,153.233
2020-09-30,6918.835,151.962
2020-10-01,6956.195,151.934
2020-10-02,6889.647,151.16
2020-10-05,7014.227,148.725
2020-10-06,6916.397,149.647
2020-10-07,7036.909,148.13
2020-10-08,7095.399,148.8
2020-10-09,7157.924,148.584
2020-10-12,7275.431,148.584
2020-10-13,7229.553,150.367
2020-10-14,7182.376,150.795
2020-10-15,7171.608,150.554
2020-10-16,7172.699,149.967
2020-10-19,7055.583,149.506
2020-10-20,7089.057,147.922
2020-10-21,7073.654,147.359
2020-10-22,7111.171,146.46
2020-10-23,7135.807,146.78
2020-10-26,7003.211,148.285
2020-10-27,6982.139,149.024
2020-10-28,6735.749,149.022
2020-10-29,6816.794,147.58
2020-10-30,6734.837,147.259
2020-10-31,,147.259
2020-11-02,6817.891,147.711
2020-11-03,6939.3,146.782
2020-11-04,7092.303,149.904
2020-11-05,7231.669,150.024
2020-11-06,7230.515,148.513
2020-11-09,7315.768,144.257
2020-11-10,7306.749,144.033
2020-11-11,7362.654,144.033
2020-11-12,7290.693,147.104
2020-11-13,7390.61,147.181
2020-11-16,7476.792,146.885
2020-11-17,7442.041,147.818
2020-11-18,7357.337,147.827
2020-11-19,7386.857,149.007
2020-11-20,7336.761,150.208
2020-11-23,7378.939,149.388
2020-11-24,7498.293,148.253
2020-11-25,7486.68,147.778
2020-11-26,,147.778
2020-11-27,7505.379,149.026
2020-11-30,7472.058,149.143
2020-12-01,7556.515,146.151
2020-12-02,7570.758,145.412
2020-12-03,7567.438,146.418
2020-12-04,7634.767,144.682
2020-12-07,7620.004,145.975
2020-12-08,7641.432,146.764
2020-12-09,7581.063,145.982
2020-12-10,7571.874,147.397
2020-12-11,7562.463,147.715
2020-12-14,7530.866,147.653
2020-12-15,7628.275,146.673
2020-12-16,7641.817,146.608
2020-12-17,7686.185,146.338
2020-12-18,7659.754,145.674
2020-12-21,7630.074,146.161
2020-12-22,7614.832,147.028
2020-12-23,7620.634,145.739
2020-12-24,7648.393,146.615
2020-12-28,7715.102,146.64
2020-12-29,7697.926,146.459
2020-12-30,7709.098,146.784
2020-12-31,7759.345,147.274
2021-01-04,7645.269,147.085
2021-01-05,7700.345,145.631
2021-01-06,7744.429,142.428
2021-01-07,7861.095,141.788
2021-01-08,7905.276,141.281
2021-01-11,7853.447,140.875
2021-01-12,7856.725,140.67
2021-01-13,7874.754,142.428
2021-01-14,7846.096,140.955
2021-01-15,7789.791,141.576
2021-01-18,,141.603
2021-01-19,7853.47,141.959
2021-01-20,7962.919,141.845
2021-01-21,7966.11,141.058
2021-01-22,7942.204,141.466
2021-01-25,7970.922,143.089
2021-01-26,7959.1,142.954
2021-01-27,7754.74,143.595
2021-01-28,7831.217,142.397
2021-01-29,7681.009,141.386
2021-01-31,,141.404
2021-02-01,7804.312,141.769
2021-02-02,7912.87,140.911
2021-02-03,7920.852,139.992
2021-02-04,8007.615,139.434
2021-02-05,8039.671,138.356
2021-02-08,8099.332,139.073
2021-02-09,8091.697,138.971
2021-02-10,8089.11,139.556
2021-02-11,8104.195,139.028
2021-02-12,8142.788,137.476
2021-02-15,,137.502
2021-02-16,8139.155,135.203
2021-02-17,8137.879,135.601
2021-02-18,8102.243,135.462
2021-02-19,8087.682,133.764
2021-02-22,8025.814,132.782
2021-02-23,8036.06,132.268
2021-02-24,8127.378,131.261
2021-02-25,7929.563,129.499
2021-02-26,7892.812,131.831
2021-02-28,,131.849
2021-03-01,8080.781,131.301
2021-03-02,8015.538,131.511
2021-03-03,7911.215,130.663
2021-03-04,7806.453,129.298
2021-03-05,7958.979,129.805
2021-03-08,7916.406,129.308
2021-03-09,8029.204,130.414
2021-03-10,8078.048,130.772
2021-03-11,8162.585,129.873
2021-03-12,8172.897,126.895
2021-03-15,8226.318,127.658
2021-03-16,8213.628,127.13
2021-03-17,8237.352,126.007
2021-03-18,8116.167,125.088
2021-03-19,8112.134,125.607
2021-03-22,8169.136,127.268
2021-03-23,8106.833,128.144
2021-03-24,8062.996,128.977
2021-03-25,8105.511,128.572
2021-03-26,8240.381,127.788
2021-03-29,8233.245,126.43
2021-03-30,8208.097,127.035
2021-03-31,8238.483,126.362
2021-04-01,8335.909,128.465
2021-04-05,8457.397,127.88
2021-04-06,8449.542,129.06
2021-04-07,8462.175,128.67
2021-04-08,8499.85,129.022
2021-04-09,8565.573,128.752
2021-04-12,8564.03,128.507
2021-04-13,8592.246,129.472
2021-04-14,8558.156,129.049
2021-04-15,8653.287,131.932
2021-04-16,8684.506,130.716
2021-04-19,8638.421,129.95
2021-04-20,8579.947,130.736
2021-04-21,8659.799,130.645
2021-04-22,8580.731,131.183
2021-04-23,8674.796,130.952
2021-04-26,8690.257,131.129
2021-04-27,8688.452,129.878
2021-04-28,8681.166,129.717
2021-04-29,8740.349,129.472
2021-04-30,8678.161,129.661
2021-05-03,8702.025,130.109
2021-05-04,8643.913,130.682
2021-05-05,8650.038,130.832
2021-05-06,8722.036,131.365
2021-05-07,8787.815,130.42
2021-05-10,8696.294,129.436
2021-05-11,8620.979,128.569
2021-05-12,8437.235,126.997
2021-05-13,8541.386,127.486
2021-05-14,8669.49,128.175
2021-05-17,8647.569,128.192
2021-05-18,8574.978,127.982
2021-05-19,8550.945,127.379
2021-05-20,8641.98,128.585
2021-05-21,8635.546,128.781
2021-05-24,8721.999,129.566
2021-05-25,8703.59,130.589
2021-05-26,8720.039,130.588
2021-05-27,8730.968,129.808
2021-05-28,8738.772,130.201
2021-05-31,,130.227
2021-06-01,8734.744,129.635
2021-06-02,8748.297,130.091
2021-06-03,8717.973,129.707
2021-06-04,8795.076,131.165
2021-06-07,8788.279,130.894
2021-06-08,8789.996,131.962
2021-06-09,8774.313,132.983
2021-06-10,8815.562,133.405
2021-06-11,8832.944,133.448
2021-06-14,8851.166,132.48
2021-06-15,8833.675,132.268
2021-06-16,8786.178,131.93
2021-06-17,8782.584,134.72
2021-06-18,8667.763,136.505
2021-06-21,8789.522,134.576
2021-06-22,8834.558,134.557
2021-06-23,8825.014,134.378
2021-06-24,8877.065,134.824
2021-06-25,8906.791,132.915
2021-06-28,8927.401,134.708
2021-06-29,8930.666,134.799
2021-06-30,8942.777,135.62
2021-07-01,8990.08,135.103
2021-07-02,9058.659,136.172
2021-07-05,,136.198
2021-07-06,9040.76,137.379
2021-07-07,9071.143,139.012
2021-07-08,8995.262,139.85
2021-07-09,9096.84,137.958
2021-07-12,9128.223,137.689
2021-07-13,9096.148,136.48
2021-07-14,9107.848,137.776
2021-07-15,9078.328,139.646
2021-07-16,9009.89,139.35
2021-07-19,8867.066,142.53
2021-07-20,9001.771,141.146
2021-07-21,9075.975,139.415
2021-07-22,9094.954,140.247
2021-07-23,9187.635,139.612
2021-07-26,9209.632,139.616
2021-07-27,9166.267,140.604
2021-07-28,9164.62,140.036
2021-07-29,9204.248,139.896
2021-07-30,9155.212,140.524
2021-07-31,,140.532
2021-08-02,9138.36,141.782
2021-08-03,9213.348,141.803
2021-08-04,9170.761,142.04
2021-08-05,9226.488,141.516
2021-08-06,9243.027,139.506
2021-08-09,9235.048,138.81
2021-08-10,9244.216,138.213
2021-08-11,9267.403,137.728
2021-08-12,9297.199,137.464
2021-08-13,9312.511,139.537
2021-08-16,9337.181,140.289
2021-08-17,9271.829,140.339
2021-08-18,9173.93,140.433
2021-08-19,9186.07,141.449
2021-08-20,9261.306,141.55
2021-08-23,9341.091,141.6
2021-08-24,9355.11,140.666
2021-08-25,9376.0,139.195
2021-08-26,9321.736,139.679
2021-08-27,9404.147,140.328
2021-08-30,9445.244,140.861
2021-08-31,9433.582,140.118
2021-09-01,9437.155,140.389
2021-09-02,9465.467,140.707
2021-09-03,9462.539,139.777
2021-09-06,,139.802
2021-09-07,9430.683,138.651
2021-09-08,9418.572,139.527
2021-09-09,9375.99,141.001
2021-09-10,9304.033,140.012
2021-09-13,9325.286,140.823
2021-09-14,9273.99,142.341
2021-09-15,9352.831,141.823
2021-09-16,9338.611,141.482
2021-09-17,9253.566,140.621
2021-09-20,9096.524,142.376
2021-09-21,9089.553,142.121
2021-09-22,9176.078,142.332
2021-09-23,9287.8,140.205
2021-09-24,9301.492,138.489
2021-09-27,9275.872,138.296
2021-09-28,9087.465,136.279
2021-09-29,9102.616,135.852
2021-09-30,8994.828,135.756
2021-10-01,9098.251,137.141
2021-10-04,8980.637,136.965
2021-10-05,9076.185,135.62
2021-10-06,9113.455,136.202
2021-10-07,9191.189,134.743
2021-10-08,9173.739,133.97
2021-10-11,9110.759,133.995
2021-10-12,9088.731,135.408
2021-10-13,9116.389,137.085
2021-10-14,9272.968,137.565
2021-10-15,9342.15,136.849
2021-10-18,9373.682,137.66
2021-10-19,9443.124,135.787
2021-10-20,9477.821,135.203
2021-10-21,9506.912,134.752
2021-10-22,9496.858,135.747
2021-10-25,9541.99,135.914
2021-10-26,9559.392,136.756
2021-10-27,9511.267,139.654
2021-10-28,9605.228,138.98
2021-10-29,9625.022,139.147
2021-10-31,,139.165
2021-11-01,9642.445,138.503
2021-11-02,9677.945,138.918
2021-11-03,9740.47,138.238
2021-11-04,9782.481,138.846
2021-11-05,9819.983,140.994
2021-11-08,9828.81,140.929
2021-11-09,9795.124,142.805
2021-11-10,9716.724,140.072
2021-11-11,9722.08,140.08
2021-11-12,9793.216,138.986
2021-11-15,9793.525,137.614
2021-11-16,9831.91,137.332
2021-11-17,9808.27,137.786
2021-11-18,9842.346,138.56
2021-11-19,9828.799,140.26
2021-11-22,9798.295,138.362
2021-11-23,9814.648,137.098
2021-11-24,9837.596,138.386
2021-11-25,,138.395
2021-11-26,9614.249,142.115
2021-11-29,9741.781,140.85
2021-11-30,9558.331,143.432
2021-12-01,9446.205,143.62
2021-12-02,9581.79,143.852
2021-12-03,9501.283,146.434
2021-12-06,9613.021,144.088
2021-12-07,9812.197,143.092
2021-12-08,9842.683,140.957
2021-12-09,9773.191,141.242
2021-12-10,9866.622,140.889
2021-12-13,9776.689,142.859
2021-12-14,9705.056,142.632
2021-12-15,9863.924,141.724
2021-12-16,9778.094,141.542
2021-12-17,9678.035,142.691
2021-12-20,9567.906,141.886
2021-12-21,9738.726,140.628
2021-12-22,9838.896,141.774
2021-12-23,9900.3,140.368
2021-12-27,10037.668,140.93
2021-12-28,10027.533,140.538
2021-12-29,10041.611,139.114
2021-12-30,10012.514,139.873
2021-12-31,9986.698,140.885
2022-01-03,10050.408,137.425
2022-01-04,10044.747,135.802
2022-01-05,9850.703,135.532
2022-01-06,9841.924,135.441
2022-01-07,9803.845,134.768
2022-01-10,9789.723,134.93
2022-01-11,9879.39,135.894
2022-01-12,9907.376,135.873
2022-01-13,9767.354,136.374
2022-01-14,9775.53,134.741
2022-01-17,,134.767
2022-01-18,9595.926,132.903
2022-01-19,9503.135,134.188
2022-01-20,9398.964,134.129
2022-01-21,9221.282,136.089
2022-01-24,9246.837,135.635
2022-01-25,9134.334,134.509
2022-01-26,9120.754,133.476
2022-01-27,9072.242,135.356
2022-01-28,9294.214,135.618
2022-01-31,9469.916,135.189
2022-02-01,9534.955,134.539
2022-02-02,9624.892,135.333
2022-02-03,9390.575,134.025
2022-02-04,9440.583,131.782
2022-02-07,9405.843,132.063
2022-02-08,9484.952,131.205
2022-02-09,9623.841,131.737
2022-02-10,9450.718,129.723
2022-02-11,9271.802,130.808
2022-02-14,9236.858,129.695
2022-02-15,9383.568,128.216
2022-02-16,9393.093,128.13
2022-02-17,9195.354,129.317
2022-02-18,9130.811,130.814
2022-02-21,,130.84
2022-02-22,9038.317,130.726
2022-02-23,8871.953,130.097
2022-02-24,9005.368,129.497
2022-02-25,9207.853,129.456
2022-02-28,9186.373,132.319
2022-03-01,9044.471,134.228
2022-03-02,9213.395,130.929
2022-03-03,9166.131,131.171
2022-03-04,9094.044,133.143
2022-03-07,8825.723,133.06
2022-03-08,8762.112,130.819
2022-03-09,8988.65,129.301
2022-03-10,8950.902,127.221
2022-03-11,8835.398,127.885
2022-03-14,8771.751,125.3
2022-03-15,8959.741,124.608
2022-03-16,9160.512,125.598
2022-03-17,9274.169,124.934
2022-03-18,9382.431,126.54
2022-03-21,9378.844,123.775
2022-03-22,9484.856,122.394
2022-03-23,9368.979,124.031
2022-03-24,9504.185,124.279
2022-03-25,9552.397,122.014
2022-03-28,9620.661,122.83
2022-03-29,9738.595,123.949
2022-03-30,9678.3,124.874
2022-03-31,9527.459,125.621
2022-04-01,9559.954,126.234
2022-04-04,9637.367,124.998
2022-04-05,9517.938,122.366
2022-04-06,9425.49,121.204
2022-04-07,9466.761,119.893
2022-04-08,9441.836,118.464
2022-04-11,9282.478,116.913
2022-04-12,9251.067,116.785
2022-04-13,9356.213,117.459
2022-04-14,9242.581,114.882
2022-04-18,9240.693,114.141
2022-04-19,9389.213,113.388
2022-04-20,9383.543,115.744
2022-04-21,9245.861,114.463
2022-04-22,8989.514,114.199
2022-04-25,9040.859,115.362
2022-04-26,8786.474,115.934
2022-04-27,8804.998,115.025
2022-04-28,9023.416,114.588
2022-04-29,8696.647,114.11
2022-04-30,,114.118
2022-05-02,8746.053,111.681
2022-05-03,8788.362,112.873
2022-05-04,9050.904,112.847
2022-05-05,8729.211,109.457
2022-05-06,8680.967,108.117
2022-05-09,8403.496,108.391
2022-05-10,8424.196,110.112
2022-05-11,8285.819,111.848
2022-05-12,8278.035,113.137
2022-05-13,8476.569,110.587
2022-05-16,8443.548,110.828
2022-05-17,8614.312,109.329
2022-05-18,8268.322,111.254
2022-05-19,8220.967,111.431
2022-05-20,8222.312,112.885
2022-05-23,8375.866,111.333
2022-05-24,8307.973,113.237
2022-05-25,8386.616,113.608
2022-05-26,8553.681,112.912
2022-05-27,8766.832,113.112
2022-05-30,,113.138
2022-05-31,8712.602,111.425
2022-06-01,8648.284,110.994
2022-06-02,8809.179,110.995
2022-06-03,8665.801,110.259
2022-06-06,8693.057,108.74
2022-06-07,8776.089,110.18
2022-06-08,8681.684,109.076
2022-06-09,8475.912,109.223
2022-06-10,8229.426,108.617
2022-06-13,7910.428,105.18
2022-06-14,7883.341,103.9
2022-06-15,7998.619,104.406
2022-06-16,7739.388,105.324
2022-06-17,7756.595,106.756
2022-06-20,,106.782
2022-06-21,7946.886,104.933
2022-06-22,7936.673,107.839
2022-06-23,8012.675,109.173
2022-06-24,8257.723,107.581
2022-06-27,8233.421,106.724
2022-06-28,8067.558,106.625
2022-06-29,8062.716,108.613
2022-06-30,7993.431,110.372
2022-07-01,8077.892,110.215
2022-07-04,,110.241
2022-07-05,8092.151,112.153
2022-07-06,8121.215,110.226
2022-07-07,8243.691,108.8
2022-07-08,8237.502,107.342
2022-07-11,8142.684,109.269
2022-07-12,8067.557,110.152
2022-07-13,8031.761,111.466
2022-07-14,8008.713,110.766
2022-07-15,8162.502,110.98
2022-07-18,8094.234,110.101
2022-07-19,8318.195,109.276
2022-07-20,8367.373,109.397
2022-07-21,8450.644,111.399
2022-07-22,8371.874,113.042
2022-07-25,8382.884,111.976
2022-07-26,8286.189,112.821
2022-07-27,8503.017,112.988
2022-07-28,8607.244,112.32
2022-07-29,8730.461,113.612
2022-07-31,,113.63
2022-08-01,8705.874,114.8
2022-08-02,8647.909,113.478
2022-08-03,8783.284,113.615
2022-08-04,8777.227,114.071
2022-08-05,8764.082,111.78
2022-08-08,8753.393,113.261
2022-08-09,8716.751,113.06
2022-08-10,8902.723,112.252
2022-08-11,8898.837,109.601
2022-08-12,9054.138,110.522
2022-08-15,9090.361,110.987
2022-08-16,9107.867,110.677
2022-08-17,9043.589,109.904
2022-08-18,9065.49,110.009
2022-08-19,8948.818,108.205
2022-08-22,8758.243,107.865
2022-08-23,8738.763,107.668
2022-08-24,8764.42,106.417
2022-08-25,8888.128,108.184
2022-08-26,8588.946,108.695
2022-08-29,8532.102,107.838
2022-08-30,8438.687,108.355
2022-08-31,8374.416,107.731
2022-09-01,8400.96,105.282
2022-09-02,8311.422,105.919
2022-09-05,,105.945
2022-09-06,8277.814,103.396
2022-09-07,8429.865,104.896
2022-09-08,8486.631,104.265
2022-09-09,8616.978,104.007
2022-09-12,8708.173,103.021
2022-09-13,8331.901,103.109
2022-09-14,8362.4,103.734
2022-09-15,8268.603,103.565
2022-09-16,8209.346,102.864
2022-09-19,8265.727,103.076
2022-09-20,8172.643,102.042
2022-09-21,8033.294,103.69
2022-09-22,7965.96,101.063
2022-09-23,7828.866,101.495
2022-09-26,7747.931,99.586
2022-09-27,7731.994,96.923
2022-09-28,7884.547,100.218
2022-09-29,7719.091,99.652
2022-09-30,7603.144,98.505
2022-10-03,7799.999,99.976
2022-10-04,8039.248,99.733
2022-10-05,8023.806,98.686
2022-10-06,7943.632,98.162
2022-10-07,7721.44,97.187
2022-10-10,7663.582,97.214
2022-10-11,7613.753,96.136
2022-10-12,7588.901,96.634
2022-10-13,7786.956,95.675
2022-10-14,7602.988,94.882
2022-10-17,7804.326,94.408
2022-10-18,7893.677,94.65
2022-10-19,7840.994,92.877
2022-10-20,7779.525,91.364
2022-10-21,7964.248,89.663
2022-10-24,8058.879,88.971
2022-10-25,8190.018,91.508
2022-10-26,8129.623,92.819
2022-10-27,8080.32,93.8
2022-10-28,8280.106,93.168
2022-10-31,8218.705,92.326
2022-11-01,8185.073,93.368
2022-11-02,7980.468,93.046
2022-11-03,7897.008,92.456
2022-11-04,8006.245,90.961
2022-11-07,8083.382,90.082
2022-11-08,8128.698,90.968
2022-11-09,7961.52,91.223
2022-11-10,8403.482,94.68
2022-11-11,8481.131,94.689
2022-11-14,8407.25,94.158
2022-11-15,8481.137,95.713
2022-11-16,8413.094,97.767
2022-11-17,8388.839,96.769
2022-11-18,8429.01,96.193
2022-11-21,8397.231,96.561
2022-11-22,8511.48,97.884
2022-11-23,8562.275,99.537
2022-11-24,,99.546
2022-11-25,8560.09,99.269
2022-11-28,8427.949,99.553
2022-11-29,8415.266,98.427
2022-11-30,8677.999,99.053
2022-12-01,8671.904,102.217
2022-12-02,8662.229,103.503
2022-12-05,8507.339,102.158
2022-12-06,8385.163,103.503
2022-12-07,8369.741,105.825
2022-12-08,8433.895,105.536
2022-12-09,8372.259,102.928
2022-12-12,8491.856,103.165
2022-12-13,8554.104,104.1
2022-12-14,8503.968,104.614
2022-12-15,8292.644,104.995
2022-12-16,8200.899,103.876
2022-12-19,8127.566,102.168
2022-12-20,8136.299,100.371
2022-12-21,8258.428,100.528
2022-12-22,8139.072,100.526
2022-12-23,8187.064,99.05
2022-12-27,8154.568,97.14
2022-12-28,8056.618,96.539
2022-12-29,8198.355,97.569
2022-12-30,8178.021,97.151
2022-12-31,,97.16
2023-01-03,8145.604,98.304
2023-01-04,8207.424,99.642
2023-01-05,8113.147,100.034
2023-01-06,8298.613,101.877
2023-01-09,8293.801,102.428
2023-01-10,8351.683,100.789
2023-01-11,8459.178,102.4
2023-01-12,8489.084,104.378
2023-01-13,8523.32,103.445
2023-01-16,,103.472
2023-01-17,8506.032,102.887
2023-01-18,8373.66,105.223
2023-01-19,8310.746,104.601
2023-01-20,8468.152,102.904
2023-01-23,8568.773,102.417
2023-01-24,8562.874,103.89
2023-01-25,8561.404,104.139
2023-01-26,8656.265,103.648
2023-01-27,8678.011,103.482
2023-01-30,8566.276,103.083
2023-01-31,8691.878,103.84
2023-02-01,8782.772,105.112
2023-02-02,8912.353,105.214
2023-02-03,8820.466,103.686
2023-02-06,8766.9,102.966
2023-02-07,8879.906,102.145
2023-02-08,8781.794,102.581
2023-02-09,8705.575,101.612
2023-02-10,8726.469,100.422
2023-02-13,8827.716,101.283
2023-02-14,8826.322,101.063
2023-02-15,8853.021,100.164
2023-02-16,8731.75,98.711
2023-02-17,8709.211,99.415
2023-02-20,,99.442
2023-02-21,8534.725,97.557
2023-02-22,8521.451,98.464
2023-02-23,8567.57,99.332
2023-02-24,8477.659,98.09
2023-02-27,8504.764,98.386
2023-02-28,8479.805,98.736
2023-03-01,8440.246,97.768
2023-03-02,8505.55,96.886
2023-03-03,8643.615,99.196
2023-03-06,8649.879,98.51
2023-03-07,8517.541,99.067
2023-03-08,8530.335,99.168
2023-03-09,8374.246,99.414
2023-03-10,8253.654,102.821
2023-03-13,8241.388,103.182
2023-03-14,8379.159,101.369
2023-03-15,8320.964,103.354
2023-03-16,8468.33,102.504
2023-03-17,8375.213,104.045
2023-03-20,8449.975,103.158
2023-03-21,8560.306,102.192
2023-03-22,8420.022,103.543
2023-03-23,8445.871,103.586
2023-03-24,8493.546,103.927
2023-03-27,8507.538,101.674
2023-03-28,8494.354,101.778
2023-03-29,8615.294,101.546
2023-03-30,8665.697,102.019
2023-03-31,8791.134,103.485
2023-04-03,8823.655,104.066
2023-04-04,8773.308,104.704
2023-04-05,8752.543,105.649
2023-04-06,8785.702,105.933
2023-04-10,8794.655,104.318
2023-04-11,8794.288,104.498
2023-04-12,8758.112,104.382
2023-04-13,8875.653,103.537
2023-04-14,8857.313,102.506
2023-04-17,8886.759,101.359
2023-04-18,8894.353,101.747
2023-04-19,8893.602,101.64
2023-04-20,8841.616,102.459
2023-04-21,8849.76,101.952
2023-04-24,8857.303,102.922
2023-04-25,8717.631,104.449
2023-04-26,8684.191,103.401
2023-04-27,8854.32,102.364
2023-04-28,8928.35,103.922
2023-04-30,,103.94
2023-05-01,8924.919,101.05
2023-05-02,8821.593,103.408
2023-05-03,8759.954,104.082
2023-05-04,8697.675,103.099
2023-05-05,8858.859,102.667
2023-05-08,8863.009,101.317
2023-05-09,8823.048,100.918
2023-05-10,8862.852,101.91
2023-05-11,8849.692,102.937
2023-05-12,8837.684,102.127
2023-05-15,8865.029,101.093
2023-05-16,8808.948,100.707
2023-05-17,8915.431,100.472
2023-05-18,9001.251,99.683
2023-05-19,8988.459,98.989
2023-05-22,8990.889,98.68
2023-05-23,8890.156,98.892
2023-05-24,8825.262,98.472
2023-05-25,8902.84,98.199
2023-05-26,9019.641,98.414
2023-05-29,,98.441
2023-05-30,9020.392,99.943
2023-05-31,8967.159,100.851
2023-06-01,9057.175,101.158
2023-06-02,9189.342,100.148
2023-06-05,9171.091,99.995
2023-06-06,9192.915,100.546
2023-06-07,9158.135,99.101
2023-06-08,9215.865,100.166
2023-06-09,9226.7,100.121
2023-06-12,9312.718,100.374
2023-06-13,9377.649,99.424
2023-06-14,9387.536,100.178
2023-06-15,9503.532,101.081
2023-06-16,9468.808,100.795
2023-06-19,,100.822
2023-06-20,9424.025,101.482
2023-06-21,9375.208,101.764
2023-06-22,9410.834,100.471
2023-06-23,9338.835,101.419
2023-06-26,9297.123,101.596
2023-06-27,9403.615,101.294
2023-06-28,9400.304,101.776
2023-06-29,9443.465,99.928
2023-06-30,9559.666,101.023
2023-07-03,9571.348,100.543
2023-07-04,,100.552
2023-07-05,9553.692,99.574
2023-07-06,9478.725,98.178
2023-07-07,9453.102,97.551
2023-07-10,9475.899,97.681
2023-07-11,9539.947,98.143
2023-07-12,9610.875,99.29
2023-07-13,9693.298,100.244
2023-07-14,9683.686,99.78
2023-07-17,9721.026,99.81
2023-07-18,9790.2,100.265
2023-07-19,9813.455,101.419
2023-07-20,9748.101,100.112
2023-07-21,9751.263,100.188
2023-07-24,9790.761,99.844
2023-07-25,9818.494,99.651
2023-07-26,9817.106,99.731
2023-07-27,9754.716,97.82
2023-07-28,9852.015,98.295
2023-07-31,9866.77,98.561
2023-08-01,9840.712,96.96
2023-08-02,9704.626,95.936
2023-08-03,9680.358,93.72
2023-08-04,9629.77,95.329
2023-08-07,9716.914,94.437
2023-08-08,9675.998,95.514
2023-08-09,9608.728,96.012
2023-08-10,9612.362,94.456
2023-08-11,9603.447,94.192
2023-08-14,9659.264,94.035
2023-08-15,9549.167,93.452
2023-08-16,9478.538,92.753
2023-08-17,9407.267,92.319
2023-08-18,9406.496,92.637
2023-08-21,9471.385,91.43
2023-08-22,9445.222,92.095
2023-08-23,9549.726,94.347
2023-08-24,9421.472,93.772
2023-08-25,9485.892,94.052
2023-08-28,9545.438,94.176
2023-08-29,9684.223,95.146
2023-08-30,9722.956,95.1
2023-08-31,9709.676,95.483
2023-09-01,9727.644,94.007
2023-09-04,,94.034
2023-09-05,9687.257,92.735
2023-09-06,9619.984,92.935
2023-09-07,9590.396,93.13
2023-09-08,9604.773,93.517
2023-09-11,9669.36,92.861
2023-09-12,9614.661,93.372
2023-09-13,9626.675,93.375
2023-09-14,9710.541,92.69
2023-09-15,9592.861,92.182
2023-09-18,9599.929,92.662
2023-09-19,9579.265,92.05
2023-09-20,9489.915,92.266
2023-09-21,9334.585,89.898
2023-09-22,9313.3,90.633
2023-09-25,9350.901,88.422
2023-09-26,9213.722,88.099
2023-09-27,9216.022,87.636
2023-09-28,9271.554,87.856
2023-09-29,9246.739,87.889
2023-09-30,,87.898
2023-10-02,9247.515,86.501
2023-10-03,9121.137,84.604
2023-10-04,9195.138,85.798
2023-10-05,9184.808,85.331
2023-10-06,9294.823,84.312
2023-10-09,9353.405,84.339
2023-10-10,9402.313,86.156
2023-10-11,9443.13,87.928
2023-10-12,9385.156,85.569
2023-10-13,9338.089,87.061
2023-10-16,9437.307,85.747
2023-10-17,9436.36,84.787
2023-10-18,9309.925,83.975
2023-10-19,9231.729,82.31
2023-10-20,9115.842,82.732
2023-10-23,9100.485,83.805
2023-10-24,9166.797,84.813
2023-10-25,9035.397,82.97
2023-10-26,8928.63,84.178
2023-10-27,8885.941,83.886
2023-10-30,8993.463,83.542
2023-10-31,9052.312,83.146
2023-11-01,9147.447,84.897
2023-11-02,9320.564,86.793
2023-11-03,9408.558,87.454
2023-11-06,9425.344,86.671
2023-11-07,9452.283,87.861
2023-11-08,9462.252,89.343
2023-11-09,9387.587,87.271
2023-11-10,9535.633,87.789
2023-11-13,9528.252,87.64
2023-11-14,9712.011,89.58
2023-11-15,9729.308,88.345
2023-11-16,9743.215,89.413
2023-11-17,9755.918,89.818
2023-11-20,9829.021,90.361
2023-11-21,9809.395,90.321
2023-11-22,9849.737,90.644
2023-11-23,,90.653
2023-11-24,9855.838,89.61
2023-11-27,9836.752,91.081
2023-11-28,9846.43,91.25
2023-11-29,9838.819,92.452
2023-11-30,9879.018,91.374
2023-12-01,9937.889,92.997
2023-12-04,9884.169,92.699
2023-12-05,9878.972,94.664
2023-12-06,9840.645,96.011
2023-12-07,9920.636,95.384
2023-12-08,9961.503,94.584
2023-12-11,10000.64,94.413
2023-12-12,10047.044,94.707
2023-12-13,10184.38,96.896
2023-12-14,10213.694,99.358
2023-12-15,10213.485,99.562
2023-12-18,10259.847,98.835
2023-12-19,10320.864,99.305
2023-12-20,10170.51,100.032
2023-12-21,10275.3,99.345
2023-12-22,10292.37,98.895
2023-12-26,10335.98,99.167
2023-12-27,10351.6,100.897
2023-12-28,10356.59,100.176
2023-12-29,10327.83,99.243
2023-12-31,,99.261
2024-01-02,10269.69,98.753
2024-01-03,10187.794,99.143
2024-01-04,10154.195,97.683
2024-01-05,10172.753,96.751
2024-01-08,10316.516,97.627
2024-01-09,10302.728,97.113
2024-01-10,10361.272,96.58
2024-01-11,10354.685,97.079
2024-01-12,10363.348,96.929
2024-01-15,,96.957
2024-01-16,10324.826,95.233
2024-01-17,10267.046,95.107
2024-01-18,10358.29,94.223
2024-01-19,10486.441,94.516
2024-01-22,10509.439,95.053
2024-01-23,10540.378,94.315
2024-01-24,10549.043,93.789
2024-01-25,10605.128,94.347
2024-01-26,10598.226,94.196
2024-01-29,10678.503,95.287
2024-01-30,10672.948,96.152
2024-01-31,10501.38,97.012
2024-02-01,10633.14,98.922
2024-02-02,10747.248,96.825
2024-02-05,10713.112,94.876
2024-02-06,10738.166,95.706
2024-02-07,10826.814,95.302
2024-02-08,10834.36,94.71
2024-02-09,10897.611,94.554
2024-02-12,10887.411,94.687
2024-02-13,10739.811,93.098
2024-02-14,10844.716,93.513
2024-02-15,10910.31,93.967
2024-02-16,10859.626,93.452
2024-02-19,,93.48
2024-02-20,10794.799,93.558
2024-02-21,10808.929,92.871
2024-02-22,11037.824,93.274
2024-02-23,11041.896,94.56
2024-02-26,11000.499,94.313
2024-02-27,11019.435,93.653
2024-02-28,11002.203,94.242
2024-02-29,11062.107,94.845
2024-03-01,11151.345,95.455
2024-03-04,11138.428,95.123
2024-03-05,11025.157,96.45
2024-03-06,11082.651,97.002
2024-03-07,11198.393,96.898
2024-03-08,11126.065,96.758
2024-03-11,11113.609,96.699
2024-03-12,11238.463,95.903
2024-03-13,11217.303,95.437
2024-03-14,11187.845,93.943
2024-03-15,11115.685,93.947
2024-03-18,11186.037,93.654
2024-03-19,11249.233,93.914
2024-03-20,11350.889,93.871
2024-03-21,11387.891,94.025
2024-03-22,11372.489,94.928
2024-03-25,11337.739,94.51
2024-03-26,11306.012,94.85
2024-03-27,11404.945,95.643
2024-03-28,11418.026,95.666
2024-03-29,,95.666
2024-03-31,,95.695
2024-04-01,11395.078,93.868
2024-04-02,11312.903,93.383
2024-04-03,11325.781,93.319
2024-04-04,11187.49,93.966
2024-04-05,11311.703,92.665
2024-04-08,11307.658,92.676
2024-04-09,11325.631,93.521
2024-04-10,11218.732,91.509
2024-04-11,11302.526,91.04
2024-04-12,11139.383,91.564
2024-04-15,11005.608,90.17
2024-04-16,10982.993,89.583
2024-04-17,10919.492,90.552
2024-04-18,10896.071,90.044
2024-04-19,10801.161,90.386
2024-04-22,10895.467,90.269
2024-04-23,11026.059,90.252
2024-04-24,11028.459,89.607
2024-04-25,10978.198,89.004
2024-04-26,11090.464,89.496
2024-04-29,11126.281,90.225
2024-04-30,10951.662,89.547
2024-05-01,10914.108,90.117
2024-05-02,11013.913,90.461
2024-05-03,11152.757,91.347
2024-05-06,11268.23,91.755
2024-05-07,11283.955,92.343
2024-05-08,11283.914,91.778
2024-05-09,11343.547,92.164
2024-05-10,11364.037,91.704
2024-05-13,11361.463,91.945
2024-05-14,11418.124,92.444
2024-05-15,11554.043,93.767
2024-05-16,11532.357,93.657
2024-05-17,11546.276,93.004
2024-05-20,11557.843,92.747
2024-05-21,11587.053,93.225
2024-05-22,11555.842,93.327
2024-05-23,11470.978,92.732
2024-05-24,11551.562,92.963
2024-05-27,,92.992
2024-05-28,11554.451,91.687
2024-05-29,11469.46,90.62
2024-05-30,11402.102,91.452
2024-05-31,11494.696,92.168
2024-06-03,11508.887,93.517
2024-06-04,11526.805,94.622
2024-06-05,11663.549,95.303
2024-06-06,11661.368,95.265
2024-06-07,11650.491,93.453
2024-06-10,11681.543,92.85
2024-06-11,11713.296,93.782
2024-06-12,11813.175,94.513
2024-06-13,11841.023,95.88
2024-06-14,11839.267,96.698
2024-06-17,11931.476,95.75
2024-06-18,11961.931,96.605
2024-06-19,,96.615
2024-06-20,11931.803,95.97
2024-06-21,11913.782,95.974
2024-06-24,11878.039,96.336
2024-06-25,11924.752,96.526
2024-06-26,11943.529,95.166
2024-06-27,11954.505,95.51
2024-06-28,11907.15,93.784
2024-06-30,,93.804
2024-07-01,11939.38,92.181
2024-07-02,12013.401,92.836
2024-07-03,12074.827,94.105
2024-07-04,,94.115
2024-07-05,12142.535,94.819
2024-07-08,12155.274,95.031
2024-07-09,12164.567,94.639
2024-07-10,12290.212,94.9
2024-07-11,12182.974,95.88
2024-07-12,12250.189,96.213
2024-07-15,12286.051,95.193
